{
  "features": [
    "close"
  ],
  "lookback": 40,
  "arch": "stacked",
  "lr": 0.0005,
  "hidden": 128,
  "dropout": 0.2,
  "scaler": "minmax",
  "horizon": 1,
  "epochs": 100,
  "batch": 64,
  "val_MAE": 6.372611999511719,
  "val_RMSE": 8.216334695151719,
  "val_MAPE": 1.2568412348628044,
  "test_MAE": 13.201004028320312,
  "test_RMSE": 15.817130756436546,
  "test_MAPE": 2.2023512050509453
}