{
  "features": [
    "close",
    "high",
    "low",
    "open",
    "volume"
  ],
  "lookback": 40,
  "arch": "lstm",
  "lr": 0.001,
  "hidden": 128,
  "dropout": 0.2,
  "scaler": "minmax",
  "horizon": 1,
  "epochs": 100,
  "batch": 64,
  "val_MAE": 5.654178142547607,
  "val_RMSE": 7.110452088309609,
  "val_MAPE": 1.1096930131316185,
  "test_MAE": 13.672323226928711,
  "test_RMSE": 15.679820821867175,
  "test_MAPE": 2.2627323865890503
}