{
  "features": [
    "close",
    "high",
    "low",
    "open",
    "volume"
  ],
  "lookback": 40,
  "arch": "lstm",
  "lr": 0.0005,
  "hidden": 64,
  "dropout": 0.2,
  "scaler": "minmax",
  "horizon": 1,
  "epochs": 100,
  "batch": 64,
  "val_MAE": 14.913169860839844,
  "val_RMSE": 17.883217796575806,
  "val_MAPE": 2.942899242043495,
  "test_MAE": 59.06121063232422,
  "test_RMSE": 64.30981226162147,
  "test_MAPE": 9.615378826856613
}