{
  "features": [
    "close",
    "high",
    "low",
    "open",
    "volume"
  ],
  "lookback": 60,
  "arch": "lstm",
  "lr": 0.0005,
  "hidden": 64,
  "dropout": 0.2,
  "scaler": "minmax",
  "horizon": 1,
  "epochs": 100,
  "batch": 64,
  "val_MAE": 11.004362106323242,
  "val_RMSE": 13.070355695161737,
  "val_MAPE": 2.1779658272862434,
  "test_MAE": 41.93543243408203,
  "test_RMSE": 47.109672988278106,
  "test_MAPE": 6.792047619819641
}