{
  "features": [
    "close",
    "high",
    "low",
    "open",
    "volume"
  ],
  "lookback": 40,
  "arch": "lstm",
  "lr": 0.0005,
  "hidden": 128,
  "dropout": 0.2,
  "scaler": "minmax",
  "horizon": 1,
  "epochs": 100,
  "batch": 64,
  "val_MAE": 5.654149532318115,
  "val_RMSE": 7.1267234993153314,
  "val_MAPE": 1.1104361154139042,
  "test_MAE": 13.626032829284668,
  "test_RMSE": 15.656112091614421,
  "test_MAPE": 2.253737673163414
}