{
  "features": [
    "close",
    "high",
    "low",
    "open",
    "volume"
  ],
  "lookback": 60,
  "arch": "lstm",
  "lr": 0.0005,
  "hidden": 128,
  "dropout": 0.2,
  "scaler": "minmax",
  "horizon": 1,
  "epochs": 100,
  "batch": 64,
  "val_MAE": 4.795665740966797,
  "val_RMSE": 6.298418106810103,
  "val_MAPE": 0.9346470236778259,
  "test_MAE": 6.984128475189209,
  "test_RMSE": 9.560716649731091,
  "test_MAPE": 1.2002197094261646,
  "model": "artifacts/best_model.keras",
  "scaler_x": "artifacts/scaler_x.joblib",
  "scaler_y": "artifacts/scaler_y.joblib"
}