{
  "ticker": "SPY",
  "features": [
    "close",
    "high",
    "low",
    "open",
    "volume"
  ],
  "lookback": 60,
  "horizon": 1,
  "arch": "stacked",
  "metrics": {
    "MAE": 20.200483322143555,
    "RMSE": 22.750308527269198,
    "MAPE": 3.3037837594747543
  }
}