{
  "features": [
    "close",
    "high",
    "low",
    "open",
    "volume"
  ],
  "lookback": 40,
  "arch": "stacked",
  "lr": 0.0005,
  "hidden": 128,
  "dropout": 0.2,
  "scaler": "minmax",
  "horizon": 1,
  "epochs": 100,
  "batch": 64,
  "val_MAE": 6.625260829925537,
  "val_RMSE": 8.276882416208307,
  "val_MAPE": 1.2971535325050354,
  "test_MAE": 21.127946853637695,
  "test_RMSE": 23.898783556255538,
  "test_MAPE": 3.461677208542824
}