{
  "features": [
    "close",
    "high",
    "low",
    "open",
    "volume"
  ],
  "lookback": 40,
  "arch": "stacked",
  "lr": 0.0005,
  "hidden": 64,
  "dropout": 0.2,
  "scaler": "minmax",
  "horizon": 1,
  "epochs": 100,
  "batch": 64,
  "val_MAE": 13.529909133911133,
  "val_RMSE": 15.881904602371472,
  "val_MAPE": 2.622578851878643,
  "test_MAE": 45.8284912109375,
  "test_RMSE": 50.05674758227531,
  "test_MAPE": 7.470478117465973
}