{
  "features": [
    "close",
    "high",
    "low",
    "open",
    "volume"
  ],
  "lookback": 40,
  "arch": "lstm",
  "lr": 0.0005,
  "hidden": 128,
  "dropout": 0.2,
  "scaler": "minmax",
  "horizon": 1,
  "epochs": 100,
  "batch": 64,
  "val_MAE": 5.277816295623779,
  "val_RMSE": 6.985921598897135,
  "val_MAPE": 1.0467849671840668,
  "test_MAE": 6.907214641571045,
  "test_RMSE": 9.85435858788947,
  "test_MAPE": 1.1911599896848202
}