{
  "features": [
    "close"
  ],
  "lookback": 60,
  "arch": "lstm",
  "lr": 0.001,
  "hidden": 64,
  "dropout": 0.2,
  "scaler": "minmax",
  "horizon": 1,
  "epochs": 100,
  "batch": 64,
  "val_MAE": 6.137502670288086,
  "val_RMSE": 8.362521312099151,
  "val_MAPE": 1.1963807046413422,
  "test_MAE": 16.220184326171875,
  "test_RMSE": 19.19875182227228,
  "test_MAPE": 2.6876483112573624
}