{
  "MAE": 6.439180850982666,
  "RMSE": 9.505464688680608,
  "MAPE": 1.11744599416852
}