{
  "features": [
    "close",
    "high",
    "low",
    "open",
    "volume"
  ],
  "lookback": 40,
  "arch": "lstm",
  "lr": 0.001,
  "hidden": 128,
  "dropout": 0.2,
  "scaler": "minmax",
  "horizon": 1,
  "epochs": 100,
  "batch": 64,
  "val_MAE": 5.456850528717041,
  "val_RMSE": 6.917321629900849,
  "val_MAPE": 1.0734175331890583,
  "test_MAE": 12.246789932250977,
  "test_RMSE": 14.210269083888715,
  "test_MAPE": 2.036832831799984,
  "model": "artifacts/best_model.keras",
  "scaler_x": "artifacts/scaler_x.joblib",
  "scaler_y": "artifacts/scaler_y.joblib"
}