{
  "features": [
    "close",
    "high",
    "low",
    "open",
    "volume"
  ],
  "lookback": 60,
  "arch": "lstm",
  "lr": 0.001,
  "hidden": 64,
  "dropout": 0.2,
  "scaler": "minmax",
  "horizon": 1,
  "epochs": 100,
  "batch": 64,
  "val_MAE": 4.9078450202941895,
  "val_RMSE": 6.510038400469381,
  "val_MAPE": 0.9539864026010036,
  "test_MAE": 14.27570629119873,
  "test_RMSE": 16.70575027603239,
  "test_MAPE": 2.348659001290798
}