{
  "features": [
    "close",
    "high",
    "low",
    "open",
    "volume"
  ],
  "lookback": 40,
  "arch": "stacked",
  "lr": 0.0005,
  "hidden": 64,
  "dropout": 0.2,
  "scaler": "minmax",
  "horizon": 1,
  "epochs": 100,
  "batch": 64,
  "val_MAE": 13.916115760803223,
  "val_RMSE": 16.676889768291627,
  "val_MAPE": 2.6788607239723206,
  "test_MAE": 50.60898971557617,
  "test_RMSE": 55.00509786388553,
  "test_MAPE": 8.250180631875992
}