{
  "features": [
    "close",
    "high",
    "low",
    "open",
    "volume"
  ],
  "lookback": 40,
  "arch": "stacked",
  "lr": 0.0005,
  "hidden": 128,
  "dropout": 0.2,
  "scaler": "minmax",
  "horizon": 1,
  "epochs": 100,
  "batch": 64,
  "val_MAE": 8.805825233459473,
  "val_RMSE": 10.663897234296325,
  "val_MAPE": 1.7190858721733093,
  "test_MAE": 26.58481788635254,
  "test_RMSE": 29.455096709533457,
  "test_MAPE": 4.351318255066872
}