{
  "features": [
    "close",
    "high",
    "low",
    "open",
    "volume"
  ],
  "lookback": 40,
  "arch": "stacked",
  "lr": 0.001,
  "hidden": 64,
  "dropout": 0.2,
  "scaler": "minmax",
  "horizon": 1,
  "epochs": 100,
  "batch": 64,
  "val_MAE": 11.600915908813477,
  "val_RMSE": 13.856221456330546,
  "val_MAPE": 2.245165593922138,
  "test_MAE": 41.0654411315918,
  "test_RMSE": 44.80056310027322,
  "test_MAPE": 6.700646132230759
}