{
  "features": [
    "close"
  ],
  "lookback": 40,
  "arch": "lstm",
  "lr": 0.001,
  "hidden": 128,
  "dropout": 0.2,
  "scaler": "minmax",
  "horizon": 1,
  "epochs": 100,
  "batch": 64,
  "val_MAE": 5.828598976135254,
  "val_RMSE": 7.9194346624954965,
  "val_MAPE": 1.1584758758544922,
  "test_MAE": 7.723667621612549,
  "test_RMSE": 11.942887134214487,
  "test_MAPE": 1.34591618552804
}