{
  "features": [
    "close"
  ],
  "lookback": 60,
  "arch": "lstm",
  "lr": 0.001,
  "hidden": 128,
  "dropout": 0.2,
  "scaler": "minmax",
  "horizon": 1,
  "epochs": 100,
  "batch": 64,
  "val_MAE": 5.786214351654053,
  "val_RMSE": 7.473073561841431,
  "val_MAPE": 1.1245082132518291,
  "test_MAE": 7.634109973907471,
  "test_RMSE": 11.050047336666848,
  "test_MAPE": 1.3197802007198334
}