{
  "MAE": 7.005677700042725,
  "RMSE": 10.020668033708974,
  "MAPE": 1.2126956135034561
}