{
  "features": [
    "close"
  ],
  "lookback": 60,
  "arch": "stacked",
  "lr": 0.0005,
  "hidden": 128,
  "dropout": 0.2,
  "scaler": "minmax",
  "horizon": 1,
  "epochs": 100,
  "batch": 64,
  "val_MAE": 6.702158451080322,
  "val_RMSE": 8.415589770425008,
  "val_MAPE": 1.2962392531335354,
  "test_MAE": 13.477936744689941,
  "test_RMSE": 15.95771016762572,
  "test_MAPE": 2.247208170592785
}