{
  "features": [
    "close",
    "high",
    "low",
    "open",
    "volume"
  ],
  "lookback": 40,
  "arch": "stacked",
  "lr": 0.001,
  "hidden": 128,
  "dropout": 0.2,
  "scaler": "minmax",
  "horizon": 1,
  "epochs": 100,
  "batch": 64,
  "val_MAE": 6.054202079772949,
  "val_RMSE": 7.734528387841383,
  "val_MAPE": 1.1861643753945827,
  "test_MAE": 19.75029945373535,
  "test_RMSE": 22.675183360442478,
  "test_MAPE": 3.232843056321144
}