{
  "features": [
    "close",
    "high",
    "low",
    "open",
    "volume"
  ],
  "lookback": 60,
  "arch": "lstm",
  "lr": 0.001,
  "hidden": 128,
  "dropout": 0.2,
  "scaler": "minmax",
  "horizon": 1,
  "epochs": 100,
  "batch": 64,
  "val_MAE": 5.341450214385986,
  "val_RMSE": 6.791724487557824,
  "val_MAPE": 1.0350891388952732,
  "test_MAE": 11.346200942993164,
  "test_RMSE": 13.306559638725004,
  "test_MAPE": 1.8895158544182777
}